,Number of glaciers remaining by 2100 (median),Percentage remaining relative to 2025,Lower quartile (Q1),Upper quartile (Q3)
RGI01,691.0,-97.44282436533194,1990.0,373.0
RGI02,101.0,-99.43011905433617,440.0,44.0
RGI03,2244.0,-50.42253521126761,3114.0,1479.0
RGI04,1405.0,-81.02825507207237,3008.0,691.0
RGI05,4843.0,-74.90218433394658,8171.0,2681.0
RGI06,154.0,-72.88732394366197,262.0,108.0
RGI07,333.0,-79.36802973977694,627.0,187.0
RGI08,110.0,-96.74916882157369,396.0,63.0
RGI09,590.0,-44.80823199251637,703.0,423.0
RGI10,157.0,-96.90503178749199,320.0,36.0
RGI11,20.0,-99.37460913070669,145.0,9.0
RGI12,353.0,-80.64692982456141,536.0,18.0
RGI13,2427.0,-95.52271846809452,6268.0,1233.0
RGI14,1932.0,-93.08165402898759,3867.0,922.0
RGI15,656.0,-94.91226369365002,1228.0,412.0
RGI16,69.0,-97.49932046751834,307.0,45.0
RGI17,944.0,-93.81956265549299,2361.0,586.0
RGI18,100.0,-96.9729075223248,267.0,51.0
RGI19,1159.0,-52.18153687467767,1571.0,754.0
TOTAL,18288.0,-91.35278263747695,35581.0,10115.0
