Time,Anomaly (deg C)
1950,-0.23965624
1951,-0.071880795
1952,0.010809038
1953,0.076973155
1954,-0.11753129
1955,-0.19868241
1956,-0.2649682
1957,-0.03491676
1958,-0.01647502
1959,-0.046526894
1960,-0.11337057
1961,-0.014400931
1962,-0.05883604
1963,-0.031402845
1964,-0.30211917
1965,-0.2022982
1966,-0.14536367
1967,-0.11570757
1968,-0.16396339
1969,-0.027795328
1970,-0.0840156
1971,-0.20408149
1972,-0.09017859
1973,0.05247674
1974,-0.16868283
1975,-0.105973646
1976,-0.21080548
1977,0.105095536
1978,0.005504774
1979,0.0881039
1980,0.1915224
1981,0.24696657
1982,0.030967088
1983,0.22084606
1984,0.04603783
1985,0.045988217
1986,0.09232101
1987,0.23820166
1988,0.27761188
1989,0.17489623
1990,0.35504323
1991,0.3338096
1992,0.12002608
1993,0.16109136
1994,0.22744027
1995,0.37113267
1996,0.2708395
1997,0.41507134
1998,0.571961
1999,0.3180378
2000,0.32550883
2001,0.48345044
2002,0.5371589
2003,0.5382795
2004,0.46242514
2005,0.60230726
2006,0.5663244
2007,0.5855141
2008,0.45918968
2009,0.59000766
2010,0.67364746
2011,0.53261703
2012,0.5715117
2013,0.6186433
2014,0.6678591
2015,0.8179505
2016,0.92481923
2017,0.8364568
2018,0.75319856
2019,0.8873432
2020,0.91624385
2021,0.7673127
2022,0.80184335
2023,1.1098045
2024,1.1690052
2025,1.0480304
2026,1.0421208